40	py/full-ssrf	.github/scripts/deepseek_review.py	225
39	py/full-ssrf	tools/eval/eval_filter.py	56
38	py/path-injection	.github/scripts/post_review.py	197
37	py/path-injection	.github/scripts/post_review.py	196
36	py/path-injection	.github/scripts/post_review.py	189
35	py/path-injection	.github/scripts/post_review.py	186
34	py/path-injection	.github/scripts/deepseek_review.py	673
33	py/path-injection	.github/scripts/deepseek_review.py	667
32	py/path-injection	.github/scripts/deepseek_review.py	665
31	py/path-injection	.github/scripts/deepseek_review.py	526
30	py/path-injection	.github/scripts/deepseek_review.py	524
29	py/path-injection	.github/scripts/deepseek_review.py	164
28	py/path-injection	.github/scripts/deepseek_review.py	162
27	py/path-injection	.github/scripts/deepseek_review.py	142
26	py/path-injection	tools/eval/eval_filter.py	233
25	py/path-injection	tools/eval/eval_filter.py	230
24	py/path-injection	tools/eval/eval_filter.py	160
23	py/path-injection	tools/eval/eval_filter.py	158
22	py/path-injection	tools/check-dsh-version.py	102
21	py/path-injection	tools/eval/build_eval_set.py	148
20	py/path-injection	tools/check-dsh-version.py	76
19	py/path-injection	tools/check-dsh-version.py	73
18	py/path-injection	tools/check-dsh-version.py	47
17	py/path-injection	tools/check-dsh-version.py	36
16	py/path-injection	tools/eval/build_eval_set.py	58
15	py/path-injection	tools/eval/build_eval_set.py	53
14	py/path-injection	tools/eval/build_eval_set.py	51
