id,item,label
v00:python:1:1,PY-A7,valid
v00:python:1:2,PY-A1,valid
v00:python:1:3,PY-A2,valid
v00:python:1:4,PY-A6,valid
v00:python:1:5,PY-A5,valid
v00:python:1:6,PY-K-classify,disputed
v00:python:2:1,PY-A1,valid
v00:python:2:2,PY-A7,valid
v00:python:2:4,PY-A5,valid
v00:python:2:5,PY-A6,valid
v00:python:3:1,PY-A1,valid
v00:python:3:2,PY-A7,valid
v00:python:3:3,PY-A2,valid
v00:python:3:4,PY-A6,valid
v00:python:3:5,PY-A5,valid
v00:python:4:2,PY-A7,valid
v00:python:4:5,PY-A5,valid
v00:python:4:6,PY-A6,valid
v00:python:4:7,PY-K-argv,valid
v00:python:5:1,PY-A1,valid
v00:python:5:2,PY-A7,valid
v00:python:5:4,PY-A6,valid
v00:python:5:6,PY-A5,valid
v00:shell:1:1,SH-S1,valid
v00:shell:1:2,SH-S2,valid
v00:shell:1:3,SH-S5,valid
v00:shell:1:5,SH-K-gitfail,valid
v00:shell:1:7,SH-B2,invalid
v00:shell:2:1,SH-S1,valid
v00:shell:2:2,SH-S2,valid
v00:shell:2:3,SH-S7,valid
v00:shell:2:4,SH-K-gitfail,valid
v00:shell:2:5,SH-S3,valid
v00:shell:3:1,SH-S1,valid
v00:shell:3:2,SH-S2,valid
v00:shell:3:3,SH-S5,valid
v00:shell:3:4,SH-K-gitfail,valid
v00:shell:3:5,SH-S6,valid
v00:shell:3:6,SH-S7,valid
v00:shell:4:1,SH-S1,valid
v00:shell:4:2,SH-S2,valid
v00:shell:4:3,SH-S5,valid
v00:shell:4:4,SH-B2,invalid
v00:shell:4:5,SH-S7,valid
v00:shell:4:6,SH-K-local,disputed
v00:shell:4:7,SH-K-gitfail,valid
v00:shell:4:8,SH-S3,valid
v00:shell:5:1,SH-S1,valid
v00:shell:5:2,SH-S2,valid
v00:shell:5:3,SH-K-gitfail,valid
v00:shell:5:4,SH-S5,valid
v00:shell:5:5,SH-S7,valid
v00:shell:5:6,SH-K-local,disputed
v00:probe:1:1,PR-X2,valid
v00:probe:2:1,PR-X2,valid
v00:probe:4:1,PR-X2,valid
v00:probe:5:1,PR-X2,valid
v00:probe:5:3,PR-X1,valid
