44	CodeQL	py/polynomial-redos	high	refs/heads/main	.github/scripts/post_review.py	68	2026-09-21T15:31:30Z
43	CodeQL	py/polynomial-redos	high	refs/heads/main	.github/scripts/locate.py	143	2026-09-21T15:31:30Z
42	CodeQL	py/polynomial-redos	high	refs/heads/main	.github/scripts/locate.py	57	2026-09-21T15:31:30Z
41	CodeQL	py/polynomial-redos	high	refs/heads/main	.github/scripts/deepseek_review.py	145	2026-09-21T15:31:30Z
40	CodeQL	py/full-ssrf	critical	refs/heads/main	.github/scripts/deepseek_review.py	225	2026-09-21T15:31:30Z
39	CodeQL	py/full-ssrf	critical	refs/heads/main	tools/eval/eval_filter.py	56	2026-09-21T15:31:30Z
38	CodeQL	py/path-injection	high	refs/heads/main	.github/scripts/post_review.py	197	2026-09-21T15:31:30Z
37	CodeQL	py/path-injection	high	refs/heads/main	.github/scripts/post_review.py	196	2026-09-21T15:31:30Z
36	CodeQL	py/path-injection	high	refs/heads/main	.github/scripts/post_review.py	189	2026-09-21T15:31:30Z
35	CodeQL	py/path-injection	high	refs/heads/main	.github/scripts/post_review.py	186	2026-09-21T15:31:30Z
34	CodeQL	py/path-injection	high	refs/heads/main	.github/scripts/deepseek_review.py	673	2026-09-21T15:31:30Z
33	CodeQL	py/path-injection	high	refs/heads/main	.github/scripts/deepseek_review.py	667	2026-09-21T15:31:30Z
32	CodeQL	py/path-injection	high	refs/heads/main	.github/scripts/deepseek_review.py	665	2026-09-21T15:31:30Z
31	CodeQL	py/path-injection	high	refs/heads/main	.github/scripts/deepseek_review.py	526	2026-09-21T15:31:30Z
30	CodeQL	py/path-injection	high	refs/heads/main	.github/scripts/deepseek_review.py	524	2026-09-21T15:31:30Z
29	CodeQL	py/path-injection	high	refs/heads/main	.github/scripts/deepseek_review.py	164	2026-09-21T15:31:30Z
28	CodeQL	py/path-injection	high	refs/heads/main	.github/scripts/deepseek_review.py	162	2026-09-21T15:31:30Z
27	CodeQL	py/path-injection	high	refs/heads/main	.github/scripts/deepseek_review.py	142	2026-09-21T15:31:30Z
26	CodeQL	py/path-injection	high	refs/heads/main	tools/eval/eval_filter.py	233	2026-09-21T15:31:30Z
25	CodeQL	py/path-injection	high	refs/heads/main	tools/eval/eval_filter.py	230	2026-09-21T15:31:30Z
24	CodeQL	py/path-injection	high	refs/heads/main	tools/eval/eval_filter.py	160	2026-09-21T15:31:30Z
23	CodeQL	py/path-injection	high	refs/heads/main	tools/eval/eval_filter.py	158	2026-09-21T15:31:30Z
22	CodeQL	py/path-injection	high	refs/heads/main	tools/check-dsh-version.py	102	2026-09-21T15:31:30Z
21	CodeQL	py/path-injection	high	refs/heads/main	tools/eval/build_eval_set.py	148	2026-09-21T15:31:30Z
20	CodeQL	py/path-injection	high	refs/heads/main	tools/check-dsh-version.py	76	2026-09-21T15:31:30Z
19	CodeQL	py/path-injection	high	refs/heads/main	tools/check-dsh-version.py	73	2026-09-21T15:31:30Z
18	CodeQL	py/path-injection	high	refs/heads/main	tools/check-dsh-version.py	47	2026-09-21T15:31:30Z
17	CodeQL	py/path-injection	high	refs/heads/main	tools/check-dsh-version.py	36	2026-09-21T15:31:30Z
16	CodeQL	py/path-injection	high	refs/heads/main	tools/eval/build_eval_set.py	58	2026-09-21T15:31:30Z
15	CodeQL	py/path-injection	high	refs/heads/main	tools/eval/build_eval_set.py	53	2026-09-21T15:31:30Z
14	CodeQL	py/path-injection	high	refs/heads/main	tools/eval/build_eval_set.py	51	2026-09-21T15:31:30Z
