id,item,label,reason
ph-B4:python:3:7,PY-B1,disputed,承認空列表已處理；改報 created_at 缺欄位與時間格式
ph-B4:python:3:3,PY-A2,valid,seen=[] 跨呼叫累積
ph-B4:probe:5:4,PR-B11,invalid,NOTES_WEBHOOK 由操作者設定
ph-B4:python:5:4,PY-A3,valid,"_fetch 失敗回 None，第 32 行直接 pr[""user""]"
ph-B4:python:4:6,PY-B1,invalid,主張 events 為 None 會 TypeError：not None 為真、第 39 行直接 return 0（PY-B1 規則）；順序那點是附帶
ph-B4:python:5:7,PY-new-archivecheck,valid,subprocess.run 沒檢查回傳值，tar 失敗照樣回報成功（同第一批 M044）
ph-B4:shell:1:5,SH-S3,invalid,說 -gt 會「終止腳本」；實際報錯、分支不執行、腳本繼續（09-21 預登記：說中止算錯）
ph-B4:probe:1:2,PR-new-respbody,disputed,沒檢查回應內容的形狀存在；但它舉的 Slack 情境走不到：incoming webhook 失敗會回非 2xx，不是 200 帶錯誤
ph-B4:probe:3:3,PR-X1,disputed,主張沒檢查範圍屬實；後果寫錯：說負數會回傳空 list，實際 -1 只丟最後一筆
ph-B4:python:2:1,PY-A1,valid,裸 except 吞例外、下游 TypeError
ph-B4:python:2:4,PY-B1,disputed,主軸是改報 created_at 缺欄位（承認空列表回 0）；附帶說 None 會走到 events[0] 是錯的（not None 為真、直接回 0）
ph-B4:python:1:7,PY-B1,disputed,沒報空列表的問題，改報事件缺 created_at（照前例 S04）
ph-B4:probe:4:3,PR-new-oserror,valid,PermissionError、UnicodeDecodeError 沒接、直接 crash（照 v04 前例）
ph-B4:probe:1:3,PR-A1,valid,標題說 IndexError 錯，body 主軸正確：最早的 tag 取到 tags[-1]、比較範圍錯誤
ph-B4:python:1:1,PY-A1,valid,裸 except 吞例外、下游 TypeError
ph-B4:probe:4:2,PR-A1,disputed,條件找對（第一個 tag）、修法也對；後果寫錯：說 tags[0-1] 會 IndexError crash，實際取到最後一個 tag、靜默回 0
ph-B4:python:3:1,PY-A1,valid,裸 except 吞例外、下游崩潰
ph-B4:shell:1:6,SH-S7,valid,for d in $(ls)
ph-B4:python:5:2,PY-A1,valid,裸 except 吞例外（含 KeyboardInterrupt）、下游 TypeError
ph-B4:python:2:3,PY-A2,valid,seen=[] 跨呼叫累積
ph-B4:shell:2:5,SH-S3,valid,ahead 為空時 -gt 失敗（沒說中止）、SQL 語法錯誤
ph-B4:probe:3:2,NONE,invalid,抽查推翻自動標記：講的是 tags.index 的 ValueError，第 115 行已擋、它自己也推到這一步；沒講到第一個 tag 取到 -1（同第一批 M006）
ph-B4:probe:1:1,PR-X2,disputed,抽查推翻自動標記：returncode 沒檢查屬實；但說會發布錯誤的公告是錯的，空列表在第 120 行就回 0、不會貼文
ph-B4:probe:5:1,PR-X2,disputed,殘差推翻：同 R006
ph-B4:probe:5:3,PR-X1,disputed,殘差推翻：說負數會回傳空 list、再讓 commits[0][0] 出錯，兩個後果都錯
ph-B4:probe:2:1,PR-X2,disputed,殘差推翻：同 R006
